date,longitude,latitude,garagecode,occupancy rate
2014-05-22,10.197,56.1527,SCANDCENTER,0.4462609970674487
2014-05-22,10.2049,56.15679,MAGASIN,0.3525
2014-05-22,10.20596,56.14951,BRUUNS,0.023084994753410196
2014-05-22,10.206,56.15561,BUSGADEHUSET,1.1041958041958042
2014-05-22,10.20818,56.15441,SALLING,0.3041558441558441
2014-05-22,10.21149,56.14952,KALKVAERKSVEJ,0.3614718614718615
2014-05-22,10.21284,56.16184,NORREPORT,0.0
2014-05-22,10.21353,56.15659,SKOLEBAKKEN,0.0
2014-05-23,10.197,56.1527,SCANDCENTER,0.7021505376344086
2014-05-23,10.2049,56.15679,MAGASIN,0.7177777777777777
2014-05-23,10.20596,56.14951,BRUUNS,0.0230849947534102
2014-05-23,10.206,56.15561,BUSGADEHUSET,0.982905982905983
2014-05-23,10.20818,56.15441,SALLING,0.603015873015873
2014-05-23,10.21149,56.14952,KALKVAERKSVEJ,0.42063492063492064
2014-05-23,10.21284,56.16184,NORREPORT,0.0
2014-05-23,10.21353,56.15659,SKOLEBAKKEN,0.0
2014-05-25,10.197,56.1527,SCANDCENTER,0.2785714285714285
2014-05-25,10.2049,56.15679,MAGASIN,0.08928571428571429
2014-05-25,10.20596,56.14951,BRUUNS,0.0230849947534102
2014-05-25,10.206,56.15561,BUSGADEHUSET,0.5989010989010989
2014-05-25,10.20818,56.15441,SALLING,0.0914285714285714
2014-05-25,10.21149,56.14952,KALKVAERKSVEJ,0.13605442176870744
2014-05-25,10.21284,56.16184,NORREPORT,0.0
2014-05-25,10.21353,56.15659,SKOLEBAKKEN,0.0
2014-05-26,10.197,56.1527,SCANDCENTER,0.36177755376344084
2014-05-26,10.2049,56.15679,MAGASIN,0.3077083333333333
2014-05-26,10.20596,56.14951,BRUUNS,0.023084994753410203
2014-05-26,10.206,56.15561,BUSGADEHUSET,0.6086538461538461
2014-05-26,10.20818,56.15441,SALLING,0.29354166666666665
2014-05-26,10.21149,56.14952,KALKVAERKSVEJ,0.2661706349206349
2014-05-26,10.21284,56.16184,NORREPORT,0.0
2014-05-26,10.21353,56.15659,SKOLEBAKKEN,0.0
2014-05-27,10.197,56.1527,SCANDCENTER,0.34470766129032254
2014-05-27,10.2049,56.15679,MAGASIN,0.295
2014-05-27,10.20596,56.14951,BRUUNS,0.2196353620146904
2014-05-27,10.206,56.15561,BUSGADEHUSET,0.5232371794871795
2014-05-27,10.20818,56.15441,SALLING,0.3071428571428571
2014-05-27,10.21149,56.14952,KALKVAERKSVEJ,0.2794642857142857
2014-05-27,10.21284,56.16184,NORREPORT,0.0
2014-05-27,10.21353,56.15659,SKOLEBAKKEN,0.0
2014-05-28,10.197,56.1527,SCANDCENTER,0.33328293010752685
2014-05-28,10.2049,56.15679,MAGASIN,0.30083333333333334
2014-05-28,10.20596,56.14951,BRUUNS,0.2680132913606156
2014-05-28,10.206,56.15561,BUSGADEHUSET,0.6131410256410256
2014-05-28,10.20818,56.15441,SALLING,0.34211309523809524
2014-05-28,10.21149,56.14952,KALKVAERKSVEJ,0.2963293650793651
2014-05-28,10.21284,56.16184,NORREPORT,0.0
2014-05-28,10.21353,56.15659,SKOLEBAKKEN,0.0
2014-05-29,10.197,56.1527,SCANDCENTER,0.13341733870967737
2014-05-29,10.2049,56.15679,MAGASIN,0.08817708333333334
2014-05-29,10.20596,56.14951,BRUUNS,0.06809636236446306
2014-05-29,10.206,56.15561,BUSGADEHUSET,0.5030448717948718
2014-05-29,10.20818,56.15441,SALLING,0.08702380952380949
2014-05-29,10.21149,56.14952,KALKVAERKSVEJ,0.1589285714285714
2014-05-29,10.21284,56.16184,NORREPORT,0.0
2014-05-29,10.21353,56.15659,SKOLEBAKKEN,0.0
2014-05-30,10.197,56.1527,SCANDCENTER,0.26312163978494624
2014-05-30,10.2049,56.15679,MAGASIN,0.340625
2014-05-30,10.20596,56.14951,BRUUNS,0.33068817768450504
2014-05-30,10.206,56.15561,BUSGADEHUSET,0.717948717948718
2014-05-30,10.20818,56.15441,SALLING,0.34211309523809524
2014-05-30,10.21149,56.14952,KALKVAERKSVEJ,0.19861111111111107
2014-05-30,10.21284,56.16184,NORREPORT,0.0
2014-05-30,10.21353,56.15659,SKOLEBAKKEN,0.0
2014-05-31,10.197,56.1527,SCANDCENTER,0.21631384408602147
2014-05-31,10.2049,56.15679,MAGASIN,0.21864583333333332
2014-05-31,10.20596,56.14951,BRUUNS,0.21917628541448053
2014-05-31,10.206,56.15561,BUSGADEHUSET,0.7687499999999999
2014-05-31,10.20818,56.15441,SALLING,0.22726190476190475
2014-05-31,10.21149,56.14952,KALKVAERKSVEJ,0.1450396825396825
2014-05-31,10.21284,56.16184,NORREPORT,0.0
2014-05-31,10.21353,56.15659,SKOLEBAKKEN,0.0
2014-06-01,10.197,56.1527,SCANDCENTER,0.14316196236559134
2014-06-01,10.2049,56.15679,MAGASIN,0.08625
2014-06-01,10.20596,56.14951,BRUUNS,0.0947883875480937
2014-06-01,10.206,56.15561,BUSGADEHUSET,0.684775641025641
2014-06-01,10.20818,56.15441,SALLING,0.1045535714285714
2014-06-01,10.21149,56.14952,KALKVAERKSVEJ,0.14156746031746026
2014-06-01,10.21284,56.16184,NORREPORT,0.0
2014-06-01,10.21353,56.15659,SKOLEBAKKEN,0.0
2014-06-02,10.197,56.1527,SCANDCENTER,0.39509408602150536
2014-06-02,10.2049,56.15679,MAGASIN,0.27
2014-06-02,10.20596,56.14951,BRUUNS,0.22175585869185024
2014-06-02,10.206,56.15561,BUSGADEHUSET,0.6786858974358974
2014-06-02,10.20818,56.15441,SALLING,0.4764880952380952
2014-06-02,10.21149,56.14952,KALKVAERKSVEJ,0.25783730158730156
2014-06-02,10.21284,56.16184,NORREPORT,0.0
2014-06-02,10.21353,56.15659,SKOLEBAKKEN,0.0
2014-06-03,10.197,56.1527,SCANDCENTER,0.5051747311827957
2014-06-03,10.2049,56.15679,MAGASIN,0.27947916666666667
2014-06-03,10.20596,56.14951,BRUUNS,0.23920076949982508
2014-06-03,10.206,56.15561,BUSGADEHUSET,0.7203525641025642
2014-06-03,10.20818,56.15441,SALLING,0.6209523809523809
2014-06-03,10.21149,56.14952,KALKVAERKSVEJ,0.27678571428571425
2014-06-03,10.21284,56.16184,NORREPORT,0.0
2014-06-03,10.21353,56.15659,SKOLEBAKKEN,0.0
2014-06-04,10.197,56.1527,SCANDCENTER,0.48715437788018434
2014-06-04,10.2049,56.15679,MAGASIN,0.2872321428571429
2014-06-04,10.20596,56.14951,BRUUNS,0.22166841552990554
2014-06-04,10.206,56.15561,BUSGADEHUSET,0.7414835164835164
2014-06-04,10.20818,56.15441,SALLING,0.36576530612244895
2014-06-04,10.21149,56.14952,KALKVAERKSVEJ,0.28860544217687073
2014-06-04,10.21284,56.16184,NORREPORT,0.0
2014-06-04,10.21353,56.15659,SKOLEBAKKEN,0.0
2014-06-14,10.197,56.1527,SCANDCENTER,0.2
2014-06-14,10.2049,56.15679,MAGASIN,0.2125
2014-06-14,10.20596,56.14951,BRUUNS,0.1374606505771248
2014-06-14,10.206,56.15561,BUSGADEHUSET,1.1692307692307693
2014-06-14,10.20818,56.15441,SALLING,0.4457142857142857
2014-06-14,10.21149,56.14952,KALKVAERKSVEJ,0.1428571428571428
2014-06-14,10.21284,56.16184,NORREPORT,0.0
2014-06-14,10.21353,56.15659,SKOLEBAKKEN,0.0
2014-06-15,10.197,56.1527,SCANDCENTER,0.15059677419354833
2014-06-15,10.2049,56.15679,MAGASIN,0.11410000000000001
2014-06-15,10.20596,56.14951,BRUUNS,0.09032528856243438
2014-06-15,10.206,56.15561,BUSGADEHUSET,1.1303076923076922
2014-06-15,10.20818,56.15441,SALLING,0.4457142857142857
2014-06-15,10.21149,56.14952,KALKVAERKSVEJ,0.14190476190476187
2014-06-15,10.21284,56.16184,NORREPORT,0.0
2014-06-15,10.21353,56.15659,SKOLEBAKKEN,0.0
2014-06-16,10.197,56.1527,SCANDCENTER,0.3287466397849462
2014-06-16,10.2049,56.15679,MAGASIN,0.31958333333333333
2014-06-16,10.20596,56.14951,BRUUNS,0.22671825813221402
2014-06-16,10.206,56.15561,BUSGADEHUSET,0.9169871794871794
2014-06-16,10.20818,56.15441,SALLING,0.4457142857142857
2014-06-16,10.21149,56.14952,KALKVAERKSVEJ,0.27777777777777773
2014-06-16,10.21284,56.16184,NORREPORT,0.0
2014-06-16,10.21353,56.15659,SKOLEBAKKEN,0.0
2014-06-17,10.197,56.1527,SCANDCENTER,0.3322748655913978
2014-06-17,10.2049,56.15679,MAGASIN,0.30026041666666664
2014-06-17,10.20596,56.14951,BRUUNS,0.20936079048618395
2014-06-17,10.206,56.15561,BUSGADEHUSET,0.6839743589743589
2014-06-17,10.20818,56.15441,SALLING,0.3763988095238095
2014-06-17,10.21149,56.14952,KALKVAERKSVEJ,0.2926587301587302
2014-06-17,10.21284,56.16184,NORREPORT,0.0
2014-06-17,10.21353,56.15659,SKOLEBAKKEN,0.0
2014-06-18,10.197,56.1527,SCANDCENTER,0.2766862170087976
2014-06-18,10.2049,56.15679,MAGASIN,0.19136363636363637
2014-06-18,10.20596,56.14951,BRUUNS,0.09019364685681576
2014-06-18,10.206,56.15561,BUSGADEHUSET,0.45139860139860133
2014-06-18,10.20818,56.15441,SALLING,0.19506493506493505
2014-06-18,10.21149,56.14952,KALKVAERKSVEJ,0.22857142857142854
2014-06-18,10.21284,56.16184,NORREPORT,0.0
2014-06-18,10.21353,56.15659,SKOLEBAKKEN,0.0
2014-06-19,10.197,56.1527,SCANDCENTER,0.508452807646356
2014-06-19,10.2049,56.15679,MAGASIN,0.6049074074074073
2014-06-19,10.20596,56.14951,BRUUNS,0.4061249076988846
2014-06-19,10.206,56.15561,BUSGADEHUSET,1.0131054131054131
2014-06-19,10.20818,56.15441,SALLING,0.5266137566137566
2014-06-19,10.21149,56.14952,KALKVAERKSVEJ,0.34779541446208107
2014-06-19,10.21284,56.16184,NORREPORT,0.0
2014-06-19,10.21353,56.15659,SKOLEBAKKEN,0.0
2014-06-20,10.197,56.1527,SCANDCENTER,0.32221102150537634
2014-06-20,10.2049,56.15679,MAGASIN,0.3780208333333333
2014-06-20,10.20596,56.14951,BRUUNS,0.2994491080797481
2014-06-20,10.206,56.15561,BUSGADEHUSET,0.8240384615384615
2014-06-20,10.20818,56.15441,SALLING,0.3500595238095238
2014-06-20,10.21149,56.14952,KALKVAERKSVEJ,0.25575396825396823
2014-06-20,10.21284,56.16184,NORREPORT,0.0
2014-06-20,10.21353,56.15659,SKOLEBAKKEN,0.0
2014-06-21,10.197,56.1527,SCANDCENTER,0.2220094086021505
2014-06-21,10.2049,56.15679,MAGASIN,0.26619791666666665
2014-06-21,10.20596,56.14951,BRUUNS,0.2817637285764253
2014-06-21,10.206,56.15561,BUSGADEHUSET,0.8104166666666667
2014-06-21,10.20818,56.15441,SALLING,0.2940178571428571
2014-06-21,10.21149,56.14952,KALKVAERKSVEJ,0.185515873015873
2014-06-21,10.21284,56.16184,NORREPORT,0.0
2014-06-21,10.21353,56.15659,SKOLEBAKKEN,0.0
2014-06-22,10.197,56.1527,SCANDCENTER,0.15742607526881716
2014-06-22,10.2049,56.15679,MAGASIN,0.12197916666666668
2014-06-22,10.20596,56.14951,BRUUNS,0.1860571878279118
2014-06-22,10.206,56.15561,BUSGADEHUSET,0.7205128205128205
2014-06-22,10.20818,56.15441,SALLING,0.11770833333333329
2014-06-22,10.21149,56.14952,KALKVAERKSVEJ,0.2077380952380952
2014-06-22,10.21284,56.16184,NORREPORT,0.0
2014-06-22,10.21353,56.15659,SKOLEBAKKEN,0.0
2014-06-23,10.197,56.1527,SCANDCENTER,0.31715389784946235
2014-06-23,10.2049,56.15679,MAGASIN,0.30890625
2014-06-23,10.20596,56.14951,BRUUNS,0.2780036726128016
2014-06-23,10.206,56.15561,BUSGADEHUSET,0.7237179487179487
2014-06-23,10.20818,56.15441,SALLING,0.3089583333333333
2014-06-23,10.21149,56.14952,KALKVAERKSVEJ,0.26240079365079366
2014-06-23,10.21284,56.16184,NORREPORT,0.0
2014-06-23,10.21353,56.15659,SKOLEBAKKEN,0.0
2014-06-24,10.197,56.1527,SCANDCENTER,0.334190188172043
2014-06-24,10.2049,56.15679,MAGASIN,0.33432291666666664
2014-06-24,10.20596,56.14951,BRUUNS,0.23758307100384746
2014-06-24,10.206,56.15561,BUSGADEHUSET,0.8331730769230768
2014-06-24,10.20818,56.15441,SALLING,0.32032738095238095
2014-06-24,10.21149,56.14952,KALKVAERKSVEJ,0.2828373015873016
2014-06-24,10.21284,56.16184,NORREPORT,0.0
2014-06-24,10.21353,56.15659,SKOLEBAKKEN,0.0
2014-06-25,10.197,56.1527,SCANDCENTER,0.34610215053763443
2014-06-25,10.2049,56.15679,MAGASIN,0.35942708333333334
2014-06-25,10.20596,56.14951,BRUUNS,0.22341727876880024
2014-06-25,10.206,56.15561,BUSGADEHUSET,0.9184294871794871
2014-06-25,10.20818,56.15441,SALLING,0.3100297619047619
2014-06-25,10.21149,56.14952,KALKVAERKSVEJ,0.2760912698412698
2014-06-25,10.21284,56.16184,NORREPORT,0.0
2014-06-25,10.21353,56.15659,SKOLEBAKKEN,0.0
2014-06-26,10.197,56.1527,SCANDCENTER,0.3665658602150537
2014-06-26,10.2049,56.15679,MAGASIN,0.36942708333333335
2014-06-26,10.20596,56.14951,BRUUNS,0.27028681357117873
2014-06-26,10.206,56.15561,BUSGADEHUSET,0.9177884615384615
2014-06-26,10.20818,56.15441,SALLING,0.3206845238095238
2014-06-26,10.21149,56.14952,KALKVAERKSVEJ,0.2932539682539682
2014-06-26,10.21284,56.16184,NORREPORT,0.0
2014-06-26,10.21353,56.15659,SKOLEBAKKEN,0.0
2014-06-27,10.197,56.1527,SCANDCENTER,0.3177251344086021
2014-06-27,10.2049,56.15679,MAGASIN,0.3594791666666666
2014-06-27,10.20596,56.14951,BRUUNS,0.24453480237845396
2014-06-27,10.206,56.15561,BUSGADEHUSET,1.4100961538461538
2014-06-27,10.20818,56.15441,SALLING,0.33157738095238093
2014-06-27,10.21149,56.14952,KALKVAERKSVEJ,0.23442460317460315
2014-06-27,10.21284,56.16184,NORREPORT,0.0
2014-06-27,10.21353,56.15659,SKOLEBAKKEN,0.0
2014-06-28,10.197,56.1527,SCANDCENTER,0.14201948924731178
2014-06-28,10.2049,56.15679,MAGASIN,0.23791666666666667
2014-06-28,10.20596,56.14951,BRUUNS,0.2423268625393494
2014-06-28,10.206,56.15561,BUSGADEHUSET,1.6230769230769229
2014-06-28,10.20818,56.15441,SALLING,0.2533333333333333
2014-06-28,10.21149,56.14952,KALKVAERKSVEJ,0.1544642857142857
2014-06-28,10.21284,56.16184,NORREPORT,0.0
2014-06-28,10.21353,56.15659,SKOLEBAKKEN,0.0
2014-06-29,10.197,56.1527,SCANDCENTER,0.10174731182795695
2014-06-29,10.2049,56.15679,MAGASIN,0.08552083333333334
2014-06-29,10.20596,56.14951,BRUUNS,0.15706977964323185
2014-06-29,10.206,56.15561,BUSGADEHUSET,0.7703525641025641
2014-06-29,10.20818,56.15441,SALLING,0.10755952380952376
2014-06-29,10.21149,56.14952,KALKVAERKSVEJ,0.1438492063492063
2014-06-29,10.21284,56.16184,NORREPORT,0.0
2014-06-29,10.21353,56.15659,SKOLEBAKKEN,0.0
2014-06-30,10.197,56.1527,SCANDCENTER,0.2796706989247311
2014-06-30,10.2049,56.15679,MAGASIN,0.32625
2014-06-30,10.20596,56.14951,BRUUNS,0.2754459601259181
2014-06-30,10.206,56.15561,BUSGADEHUSET,0.5163461538461538
2014-06-30,10.20818,56.15441,SALLING,0.3306845238095238
2014-06-30,10.21149,56.14952,KALKVAERKSVEJ,0.24126984126984122
2014-06-30,10.21284,56.16184,NORREPORT,0.0
2014-06-30,10.21353,56.15659,SKOLEBAKKEN,0.0
2014-07-01,10.197,56.1527,SCANDCENTER,0.31004704301075264
2014-07-01,10.2049,56.15679,MAGASIN,0.31723958333333335
2014-07-01,10.20596,56.14951,BRUUNS,0.30854319692200066
2014-07-01,10.206,56.15561,BUSGADEHUSET,0.919551282051282
2014-07-01,10.20818,56.15441,SALLING,0.33934523809523803
2014-07-01,10.21149,56.14952,KALKVAERKSVEJ,0.23521825396825394
2014-07-01,10.21284,56.16184,NORREPORT,0.0
2014-07-01,10.21353,56.15659,SKOLEBAKKEN,0.0
2014-07-02,10.197,56.1527,SCANDCENTER,0.33699596774193546
2014-07-02,10.2049,56.15679,MAGASIN,0.34994791666666664
2014-07-02,10.20596,56.14951,BRUUNS,0.2543284365162644
2014-07-02,10.206,56.15561,BUSGADEHUSET,1.8887820512820512
2014-07-02,10.20818,56.15441,SALLING,0.34544642857142854
2014-07-02,10.21149,56.14952,KALKVAERKSVEJ,0.22132936507936504
2014-07-02,10.21284,56.16184,NORREPORT,0.0
2014-07-02,10.21353,56.15659,SKOLEBAKKEN,0.0
2014-07-03,10.197,56.1527,SCANDCENTER,0.36433131720430106
2014-07-03,10.2049,56.15679,MAGASIN,0.3541666666666667
2014-07-03,10.20596,56.14951,BRUUNS,0.2651058062259531
2014-07-03,10.206,56.15561,BUSGADEHUSET,3.388141025641026
2014-07-03,10.20818,56.15441,SALLING,0.3333630952380952
2014-07-03,10.21149,56.14952,KALKVAERKSVEJ,0.2486111111111111
2014-07-03,10.21284,56.16184,NORREPORT,0.0
2014-07-03,10.21353,56.15659,SKOLEBAKKEN,0.0
2014-07-04,10.197,56.1527,SCANDCENTER,0.2850638440860215
2014-07-04,10.2049,56.15679,MAGASIN,0.3355729166666667
2014-07-04,10.20596,56.14951,BRUUNS,0.2181269674711437
2014-07-04,10.206,56.15561,BUSGADEHUSET,4.6375
2014-07-04,10.20818,56.15441,SALLING,0.2813095238095238
2014-07-04,10.21149,56.14952,KALKVAERKSVEJ,0.21587301587301586
2014-07-04,10.21284,56.16184,NORREPORT,0.0
2014-07-04,10.21353,56.15659,SKOLEBAKKEN,0.0
2014-07-05,10.197,56.1527,SCANDCENTER,0.2641969086021505
2014-07-05,10.2049,56.15679,MAGASIN,0.23895833333333336
2014-07-05,10.20596,56.14951,BRUUNS,0.18245015739769146
2014-07-05,10.206,56.15561,BUSGADEHUSET,4.897115384615385
2014-07-05,10.20818,56.15441,SALLING,0.21985119047619042
2014-07-05,10.21149,56.14952,KALKVAERKSVEJ,0.1573412698412698
2014-07-05,10.21284,56.16184,NORREPORT,0.0
2014-07-05,10.21353,56.15659,SKOLEBAKKEN,0.0
2014-07-06,10.197,56.1527,SCANDCENTER,0.19178427419354835
2014-07-06,10.2049,56.15679,MAGASIN,0.11593750000000001
2014-07-06,10.20596,56.14951,BRUUNS,0.12075900664568028
2014-07-06,10.206,56.15561,BUSGADEHUSET,4.879647435897436
2014-07-06,10.20818,56.15441,SALLING,0.11374999999999996
2014-07-06,10.21149,56.14952,KALKVAERKSVEJ,0.14841269841269839
2014-07-06,10.21284,56.16184,NORREPORT,0.0
2014-07-06,10.21353,56.15659,SKOLEBAKKEN,0.0
2014-07-07,10.197,56.1527,SCANDCENTER,0.2790322580645161
2014-07-07,10.2049,56.15679,MAGASIN,0.2754255319148936
2014-07-07,10.20596,56.14951,BRUUNS,0.2356500189770266
2014-07-07,10.206,56.15561,BUSGADEHUSET,2.290671031096563
2014-07-07,10.20818,56.15441,SALLING,0.30288753799392093
2014-07-07,10.21149,56.14952,KALKVAERKSVEJ,0.21053698074974667
2014-07-07,10.21284,56.16184,NORREPORT,0.0
2014-07-07,10.21353,56.15659,SKOLEBAKKEN,0.0
2014-07-08,10.197,56.1527,SCANDCENTER,0.29826948924731184
2014-07-08,10.2049,56.15679,MAGASIN,0.2736458333333333
2014-07-08,10.20596,56.14951,BRUUNS,0.2409496327387198
2014-07-08,10.206,56.15561,BUSGADEHUSET,1.0724358974358974
2014-07-08,10.20818,56.15441,SALLING,0.29872023809523807
2014-07-08,10.21149,56.14952,KALKVAERKSVEJ,0.2163690476190476
2014-07-08,10.21284,56.16184,NORREPORT,0.0
2014-07-08,10.21353,56.15659,SKOLEBAKKEN,0.0
2014-07-09,10.197,56.1527,SCANDCENTER,0.4012600806451612
2014-07-09,10.2049,56.15679,MAGASIN,0.2771875
2014-07-09,10.20596,56.14951,BRUUNS,0.20623469744665965
2014-07-09,10.206,56.15561,BUSGADEHUSET,1.3346153846153845
2014-07-09,10.20818,56.15441,SALLING,0.25845238095238093
2014-07-09,10.21149,56.14952,KALKVAERKSVEJ,0.20079365079365077
2014-07-09,10.21284,56.16184,NORREPORT,0.0
2014-07-09,10.21353,56.15659,SKOLEBAKKEN,0.0
2014-07-10,10.197,56.1527,SCANDCENTER,0.3250504032258064
2014-07-10,10.2049,56.15679,MAGASIN,0.2696354166666667
2014-07-10,10.20596,56.14951,BRUUNS,0.1938833508219657
2014-07-10,10.206,56.15561,BUSGADEHUSET,1.434455128205128
2014-07-10,10.20818,56.15441,SALLING,0.23907738095238093
2014-07-10,10.21149,56.14952,KALKVAERKSVEJ,0.20109126984126982
2014-07-10,10.21284,56.16184,NORREPORT,0.0
2014-07-10,10.21353,56.15659,SKOLEBAKKEN,0.0
2014-07-11,10.197,56.1527,SCANDCENTER,0.29065860215053757
2014-07-11,10.2049,56.15679,MAGASIN,0.28640625000000003
2014-07-11,10.20596,56.14951,BRUUNS,0.1717165092689751
2014-07-11,10.206,56.15561,BUSGADEHUSET,1.0219551282051282
2014-07-11,10.20818,56.15441,SALLING,0.22666666666666666
2014-07-11,10.21149,56.14952,KALKVAERKSVEJ,0.19166666666666665
2014-07-11,10.21284,56.16184,NORREPORT,0.796474358974359
2014-07-11,10.21353,56.15659,SKOLEBAKKEN,0.3719482421875
2014-07-12,10.197,56.1527,SCANDCENTER,0.19670698924731178
2014-07-12,10.2049,56.15679,MAGASIN,0.21645833333333334
2014-07-12,10.20596,56.14951,BRUUNS,0.13457502623294856
2014-07-12,10.206,56.15561,BUSGADEHUSET,0.7282051282051282
2014-07-12,10.20818,56.15441,SALLING,0.16357142857142853
2014-07-12,10.21149,56.14952,KALKVAERKSVEJ,0.14345238095238091
2014-07-12,10.21284,56.16184,NORREPORT,1.0102564102564102
2014-07-12,10.21353,56.15659,SKOLEBAKKEN,1.0
2014-07-13,10.197,56.1527,SCANDCENTER,0.18541666666666665
2014-07-13,10.2049,56.15679,MAGASIN,0.11817708333333334
2014-07-13,10.20596,56.14951,BRUUNS,0.14681706890521157
2014-07-13,10.206,56.15561,BUSGADEHUSET,0.7849358974358974
2014-07-13,10.20818,56.15441,SALLING,0.08098214285714282
2014-07-13,10.21149,56.14952,KALKVAERKSVEJ,0.14146825396825394
2014-07-13,10.21284,56.16184,NORREPORT,1.0628205128205128
2014-07-13,10.21353,56.15659,SKOLEBAKKEN,1.0
2014-07-14,10.197,56.1527,SCANDCENTER,0.2543778801843318
2014-07-14,10.2049,56.15679,MAGASIN,0.2764285714285714
2014-07-14,10.20596,56.14951,BRUUNS,0.2768700344775895
2014-07-14,10.206,56.15561,BUSGADEHUSET,1.1427001569858712
2014-07-14,10.20818,56.15441,SALLING,0.2608163265306122
2014-07-14,10.21149,56.14952,KALKVAERKSVEJ,0.178134110787172
2014-07-14,10.21284,56.16184,NORREPORT,1.0850863422291994
2014-07-14,10.21353,56.15659,SKOLEBAKKEN,1.0
2014-07-15,10.197,56.1527,SCANDCENTER,0.295766129032258
2014-07-15,10.2049,56.15679,MAGASIN,0.2813541666666667
2014-07-15,10.20596,56.14951,BRUUNS,0.22837967820916402
2014-07-15,10.206,56.15561,BUSGADEHUSET,1.5467948717948719
2014-07-15,10.20818,56.15441,SALLING,0.2551785714285714
2014-07-15,10.21149,56.14952,KALKVAERKSVEJ,0.19494047619047616
2014-07-15,10.21284,56.16184,NORREPORT,1.107371794871795
2014-07-15,10.21353,56.15659,SKOLEBAKKEN,1.0
2014-07-16,10.197,56.1527,SCANDCENTER,0.2933029453015427
2014-07-16,10.2049,56.15679,MAGASIN,0.24483695652173912
2014-07-16,10.20596,56.14951,BRUUNS,0.19350791550709426
2014-07-16,10.206,56.15561,BUSGADEHUSET,1.6924749163879598
2014-07-16,10.20818,56.15441,SALLING,0.2337267080745341
2014-07-16,10.21149,56.14952,KALKVAERKSVEJ,0.17681159420289855
2014-07-16,10.21284,56.16184,NORREPORT,1.0555183946488294
2014-07-16,10.21353,56.15659,SKOLEBAKKEN,1.0
2014-07-17,10.197,56.1527,SCANDCENTER,0.24242271505376342
2014-07-17,10.2049,56.15679,MAGASIN,0.23140625
2014-07-17,10.20596,56.14951,BRUUNS,0.19517313746065054
2014-07-17,10.206,56.15561,BUSGADEHUSET,1.8631410256410257
2014-07-17,10.20818,56.15441,SALLING,0.21470238095238092
2014-07-17,10.21149,56.14952,KALKVAERKSVEJ,0.19136904761904758
2014-07-17,10.21284,56.16184,NORREPORT,1.048397435897436
2014-07-17,10.21353,56.15659,SKOLEBAKKEN,1.0
2014-07-18,10.197,56.1527,SCANDCENTER,0.2335013440860215
2014-07-18,10.2049,56.15679,MAGASIN,0.22604166666666667
2014-07-18,10.20596,56.14951,BRUUNS,0.18561997201818814
2014-07-18,10.206,56.15561,BUSGADEHUSET,2.1783653846153848
2014-07-18,10.20818,56.15441,SALLING,0.21428571428571427
2014-07-18,10.21149,56.14952,KALKVAERKSVEJ,0.17063492063492058
2014-07-18,10.21284,56.16184,NORREPORT,1.0384615384615385
2014-07-18,10.21353,56.15659,SKOLEBAKKEN,1.0
2014-07-19,10.197,56.1527,SCANDCENTER,0.2026713709677419
2014-07-19,10.2049,56.15679,MAGASIN,0.17718750000000003
2014-07-19,10.20596,56.14951,BRUUNS,0.12720793983910456
2014-07-19,10.206,56.15561,BUSGADEHUSET,2.473878205128205
2014-07-19,10.20818,56.15441,SALLING,0.16157738095238092
2014-07-19,10.21149,56.14952,KALKVAERKSVEJ,0.15962301587301583
2014-07-19,10.21284,56.16184,NORREPORT,1.2974358974358975
2014-07-19,10.21353,56.15659,SKOLEBAKKEN,1.0
2014-07-20,10.197,56.1527,SCANDCENTER,0.16278561827956986
2014-07-20,10.2049,56.15679,MAGASIN,0.10541666666666666
2014-07-20,10.20596,56.14951,BRUUNS,0.086743616649178
2014-07-20,10.206,56.15561,BUSGADEHUSET,2.456410256410256
2014-07-20,10.20818,56.15441,SALLING,0.06232142857142853
2014-07-20,10.21149,56.14952,KALKVAERKSVEJ,0.15019841269841266
2014-07-20,10.21284,56.16184,NORREPORT,1.330128205128205
2014-07-20,10.21353,56.15659,SKOLEBAKKEN,1.0
2014-07-21,10.197,56.1527,SCANDCENTER,0.20821572580645156
2014-07-21,10.2049,56.15679,MAGASIN,0.23119791666666667
2014-07-21,10.20596,56.14951,BRUUNS,0.18997026932493877
2014-07-21,10.206,56.15561,BUSGADEHUSET,2.7201923076923076
2014-07-21,10.20818,56.15441,SALLING,0.18988095238095234
2014-07-21,10.21149,56.14952,KALKVAERKSVEJ,0.16636904761904758
2014-07-21,10.21284,56.16184,NORREPORT,1.151602564102564
2014-07-21,10.21353,56.15659,SKOLEBAKKEN,1.0
2014-07-22,10.197,56.1527,SCANDCENTER,0.231888440860215
2014-07-22,10.2049,56.15679,MAGASIN,0.23458333333333334
2014-07-22,10.20596,56.14951,BRUUNS,0.18151014340678553
2014-07-22,10.206,56.15561,BUSGADEHUSET,3.1290064102564106
2014-07-22,10.20818,56.15441,SALLING,0.194047619047619
2014-07-22,10.21149,56.14952,KALKVAERKSVEJ,0.1656746031746031
2014-07-22,10.21284,56.16184,NORREPORT,1.023076923076923
2014-07-22,10.21353,56.15659,SKOLEBAKKEN,1.0
2014-07-23,10.197,56.1527,SCANDCENTER,0.2500504032258064
2014-07-23,10.2049,56.15679,MAGASIN,0.21432291666666667
2014-07-23,10.20596,56.14951,BRUUNS,0.1807887373207415
2014-07-23,10.206,56.15561,BUSGADEHUSET,3.312820512820513
2014-07-23,10.20818,56.15441,SALLING,0.2063690476190476
2014-07-23,10.21149,56.14952,KALKVAERKSVEJ,0.16686507936507933
2014-07-23,10.21284,56.16184,NORREPORT,1.1048076923076924
2014-07-23,10.21353,56.15659,SKOLEBAKKEN,1.0
2014-07-24,10.197,56.1527,SCANDCENTER,0.22755376344086017
2014-07-24,10.2049,56.15679,MAGASIN,0.18052083333333335
2014-07-24,10.20596,56.14951,BRUUNS,0.15923399790136408
2014-07-24,10.206,56.15561,BUSGADEHUSET,1.4556089743589744
2014-07-24,10.20818,56.15441,SALLING,0.21419642857142854
2014-07-24,10.21149,56.14952,KALKVAERKSVEJ,0.08541666666666663
2014-07-24,10.21284,56.16184,NORREPORT,1.0682692307692307
2014-07-24,10.21353,56.15659,SKOLEBAKKEN,1.0
2014-07-25,10.197,56.1527,SCANDCENTER,0.21456653225806446
2014-07-25,10.2049,56.15679,MAGASIN,0.20145833333333332
2014-07-25,10.20596,56.14951,BRUUNS,0.17409933543196918
2014-07-25,10.206,56.15561,BUSGADEHUSET,0.6075320512820513
2014-07-25,10.20818,56.15441,SALLING,0.23062499999999997
2014-07-25,10.21149,56.14952,KALKVAERKSVEJ,0.0474206349206349
2014-07-25,10.21284,56.16184,NORREPORT,1.0352564102564104
2014-07-25,10.21353,56.15659,SKOLEBAKKEN,1.0
2014-07-26,10.197,56.1527,SCANDCENTER,0.18667674731182793
2014-07-26,10.2049,56.15679,MAGASIN,0.18875
2014-07-26,10.20596,56.14951,BRUUNS,0.1520855194123819
2014-07-26,10.206,56.15561,BUSGADEHUSET,0.6397435897435897
2014-07-26,10.20818,56.15441,SALLING,0.22235119047619042
2014-07-26,10.21149,56.14952,KALKVAERKSVEJ,0.03422619047619044
2014-07-26,10.21284,56.16184,NORREPORT,1.0756410256410256
2014-07-26,10.21353,56.15659,SKOLEBAKKEN,1.0
2014-07-27,10.197,56.1527,SCANDCENTER,0.1621471774193548
2014-07-27,10.2049,56.15679,MAGASIN,0.074375
2014-07-27,10.20596,56.14951,BRUUNS,0.08051329136061557
2014-07-27,10.206,56.15561,BUSGADEHUSET,0.6599358974358974
2014-07-27,10.20818,56.15441,SALLING,0.09175595238095235
2014-07-27,10.21149,56.14952,KALKVAERKSVEJ,0.03174603174603171
2014-07-27,10.21284,56.16184,NORREPORT,1.1814102564102564
2014-07-27,10.21353,56.15659,SKOLEBAKKEN,1.0
2014-07-28,10.197,56.1527,SCANDCENTER,0.26471774193548386
2014-07-28,10.2049,56.15679,MAGASIN,0.23546875
2014-07-28,10.20596,56.14951,BRUUNS,0.19508569429870581
2014-07-28,10.206,56.15561,BUSGADEHUSET,0.6134615384615384
2014-07-28,10.20818,56.15441,SALLING,0.24294642857142854
2014-07-28,10.21149,56.14952,KALKVAERKSVEJ,0.0557539682539682
2014-07-28,10.21284,56.16184,NORREPORT,0.7105769230769231
2014-07-28,10.21353,56.15659,SKOLEBAKKEN,1.0
2014-07-29,10.197,56.1527,SCANDCENTER,0.29400201612903226
2014-07-29,10.2049,56.15679,MAGASIN,0.20390624999999998
2014-07-29,10.20596,56.14951,BRUUNS,0.19399265477439662
2014-07-29,10.206,56.15561,BUSGADEHUSET,0.7514423076923077
2014-07-29,10.20818,56.15441,SALLING,0.2433333333333333
2014-07-29,10.21149,56.14952,KALKVAERKSVEJ,0.04236111111111107
2014-07-29,10.21284,56.16184,NORREPORT,0.4371794871794872
2014-07-29,10.21353,56.15659,SKOLEBAKKEN,1.0
2014-07-30,10.197,56.1527,SCANDCENTER,0.3151209677419355
2014-07-30,10.2049,56.15679,MAGASIN,0.24203125
2014-07-30,10.20596,56.14951,BRUUNS,0.2282485134662469
2014-07-30,10.206,56.15561,BUSGADEHUSET,0.9115384615384615
2014-07-30,10.20818,56.15441,SALLING,0.26404761904761903
2014-07-30,10.21149,56.14952,KALKVAERKSVEJ,0.05059523809523806
2014-07-30,10.21284,56.16184,NORREPORT,0.5282051282051282
2014-07-30,10.21353,56.15659,SKOLEBAKKEN,1.0
2014-07-31,10.197,56.1527,SCANDCENTER,0.33146841397849464
2014-07-31,10.2049,56.15679,MAGASIN,0.29734375
2014-07-31,10.20596,56.14951,BRUUNS,0.28766614200769497
2014-07-31,10.206,56.15561,BUSGADEHUSET,0.9600961538461538
2014-07-31,10.20818,56.15441,SALLING,0.3057738095238095
2014-07-31,10.21149,56.14952,KALKVAERKSVEJ,0.057142857142857106
2014-07-31,10.21284,56.16184,NORREPORT,0.4951923076923077
2014-07-31,10.21353,56.15659,SKOLEBAKKEN,1.0
2014-08-01,10.197,56.1527,SCANDCENTER,0.3136424731182796
2014-08-01,10.2049,56.15679,MAGASIN,0.3166145833333333
2014-08-01,10.20596,56.14951,BRUUNS,0.2914917803427772
2014-08-01,10.206,56.15561,BUSGADEHUSET,1.2466346153846153
2014-08-01,10.20818,56.15441,SALLING,0.30553571428571424
2014-08-01,10.21149,56.14952,KALKVAERKSVEJ,0.04345238095238091
2014-08-01,10.21284,56.16184,NORREPORT,0.5464743589743589
2014-08-01,10.21353,56.15659,SKOLEBAKKEN,1.0
2014-08-02,10.197,56.1527,SCANDCENTER,0.23864247311827955
2014-08-02,10.2049,56.15679,MAGASIN,0.21567708333333335
2014-08-02,10.20596,56.14951,BRUUNS,0.17186953480237843
2014-08-02,10.206,56.15561,BUSGADEHUSET,1.5916666666666668
2014-08-02,10.20818,56.15441,SALLING,0.2075
2014-08-02,10.21149,56.14952,KALKVAERKSVEJ,0.030257936507936456
2014-08-02,10.21284,56.16184,NORREPORT,0.4407051282051282
2014-08-02,10.21353,56.15659,SKOLEBAKKEN,1.0
2014-08-03,10.197,56.1527,SCANDCENTER,0.22004368279569889
2014-08-03,10.2049,56.15679,MAGASIN,0.13963541666666665
2014-08-03,10.20596,56.14951,BRUUNS,0.14710125918153197
2014-08-03,10.206,56.15561,BUSGADEHUSET,1.5850961538461539
2014-08-03,10.20818,56.15441,SALLING,0.09550595238095234
2014-08-03,10.21149,56.14952,KALKVAERKSVEJ,0.02172619047619043
2014-08-03,10.21284,56.16184,NORREPORT,0.6253205128205128
2014-08-03,10.21353,56.15659,SKOLEBAKKEN,1.0
2014-08-04,10.197,56.1527,SCANDCENTER,0.38503024193548385
2014-08-04,10.2049,56.15679,MAGASIN,0.28932291666666665
2014-08-04,10.20596,56.14951,BRUUNS,0.23550629590766
2014-08-04,10.206,56.15561,BUSGADEHUSET,0.9943910256410255
2014-08-04,10.20818,56.15441,SALLING,0.27038690476190474
2014-08-04,10.21149,56.14952,KALKVAERKSVEJ,0.09275793650793646
2014-08-04,10.21284,56.16184,NORREPORT,0.6875
2014-08-04,10.21353,56.15659,SKOLEBAKKEN,1.0
2014-08-05,10.197,56.1527,SCANDCENTER,0.41644825268817204
2014-08-05,10.2049,56.15679,MAGASIN,0.2763541666666667
2014-08-05,10.20596,56.14951,BRUUNS,0.16646991955229098
2014-08-05,10.206,56.15561,BUSGADEHUSET,0.6860576923076923
2014-08-05,10.20818,56.15441,SALLING,0.2363988095238095
2014-08-05,10.21149,56.14952,KALKVAERKSVEJ,0.08452380952380949
2014-08-05,10.21284,56.16184,NORREPORT,0.6307692307692307
2014-08-05,10.21353,56.15659,SKOLEBAKKEN,1.0
2014-08-06,10.197,56.1527,SCANDCENTER,0.42619474313022704
2014-08-06,10.2049,56.15679,MAGASIN,0.23074074074074075
2014-08-06,10.20596,56.14951,BRUUNS,0.5171971551824647
2014-08-06,10.206,56.15561,BUSGADEHUSET,0.6418803418803419
2014-08-06,10.20818,56.15441,SALLING,0.21423280423280422
2014-08-06,10.21149,56.14952,KALKVAERKSVEJ,0.0862433862433862
2014-08-06,10.21284,56.16184,NORREPORT,0.6307692307692307
2014-08-06,10.21353,56.15659,SKOLEBAKKEN,1.0
2014-08-11,10.197,56.1527,SCANDCENTER,0.42348014888337465
2014-08-11,10.2049,56.15679,MAGASIN,0.39105769230769233
2014-08-11,10.20596,56.14951,BRUUNS,0.3149568165307934
2014-08-11,10.206,56.15561,BUSGADEHUSET,0.9215976331360948
2014-08-11,10.20818,56.15441,SALLING,0.3841208791208791
2014-08-11,10.21149,56.14952,KALKVAERKSVEJ,0.12399267399267397
2014-08-11,10.21284,56.16184,NORREPORT,0.457396449704142
2014-08-11,10.21353,56.15659,SKOLEBAKKEN,0.9615384615384616
2014-08-12,10.197,56.1527,SCANDCENTER,0.39968077956989245
2014-08-12,10.2049,56.15679,MAGASIN,0.31953125
2014-08-12,10.20596,56.14951,BRUUNS,0.23638072752710734
2014-08-12,10.206,56.15561,BUSGADEHUSET,0.811698717948718
2014-08-12,10.20818,56.15441,SALLING,0.28854166666666664
2014-08-12,10.21149,56.14952,KALKVAERKSVEJ,0.09751984126984124
2014-08-12,10.21284,56.16184,NORREPORT,0.41121794871794864
2014-08-12,10.21353,56.15659,SKOLEBAKKEN,1.0
2014-08-13,10.197,56.1527,SCANDCENTER,0.3935987903225806
2014-08-13,10.2049,56.15679,MAGASIN,0.3070833333333333
2014-08-13,10.20596,56.14951,BRUUNS,0.2389384400139909
2014-08-13,10.206,56.15561,BUSGADEHUSET,0.7456730769230769
2014-08-13,10.20818,56.15441,SALLING,0.30160714285714285
2014-08-13,10.21149,56.14952,KALKVAERKSVEJ,0.10466269841269837
2014-08-13,10.21284,56.16184,NORREPORT,0.3493589743589744
2014-08-13,10.21353,56.15659,SKOLEBAKKEN,1.0
2014-08-14,10.197,56.1527,SCANDCENTER,0.35168010752688167
2014-08-14,10.2049,56.15679,MAGASIN,0.35791666666666666
2014-08-14,10.20596,56.14951,BRUUNS,0.24051241692899614
2014-08-14,10.206,56.15561,BUSGADEHUSET,0.7634615384615384
2014-08-14,10.20818,56.15441,SALLING,0.32380952380952377
2014-08-14,10.21149,56.14952,KALKVAERKSVEJ,0.09474206349206345
2014-08-14,10.21284,56.16184,NORREPORT,0.4564102564102564
2014-08-14,10.21353,56.15659,SKOLEBAKKEN,1.0
2014-08-15,10.197,56.1527,SCANDCENTER,0.3029569892473118
2014-08-15,10.2049,56.15679,MAGASIN,0.37984375000000004
2014-08-15,10.20596,56.14951,BRUUNS,0.2491474291710388
2014-08-15,10.206,56.15561,BUSGADEHUSET,1.451121794871795
2014-08-15,10.20818,56.15441,SALLING,0.32377976190476193
2014-08-15,10.21149,56.14952,KALKVAERKSVEJ,0.08363095238095235
2014-08-15,10.21284,56.16184,NORREPORT,0.5019230769230769
2014-08-15,10.21353,56.15659,SKOLEBAKKEN,1.0
2014-08-16,10.197,56.1527,SCANDCENTER,0.1724798387096774
2014-08-16,10.2049,56.15679,MAGASIN,0.29552083333333334
2014-08-16,10.20596,56.14951,BRUUNS,0.19862714235746762
2014-08-16,10.206,56.15561,BUSGADEHUSET,2.0637820512820513
2014-08-16,10.20818,56.15441,SALLING,0.3038392857142857
2014-08-16,10.21149,56.14952,KALKVAERKSVEJ,0.029365079365079316
2014-08-16,10.21284,56.16184,NORREPORT,0.4894230769230769
2014-08-16,10.21353,56.15659,SKOLEBAKKEN,1.0
2014-08-17,10.197,56.1527,SCANDCENTER,0.180510752688172
2014-08-17,10.2049,56.15679,MAGASIN,0.09473958333333334
2014-08-17,10.20596,56.14951,BRUUNS,0.1560860440713536
2014-08-17,10.206,56.15561,BUSGADEHUSET,2.0825320512820515
2014-08-17,10.20818,56.15441,SALLING,0.15874999999999995
2014-08-17,10.21149,56.14952,KALKVAERKSVEJ,0.010416666666666633
2014-08-17,10.21284,56.16184,NORREPORT,0.5551282051282052
2014-08-17,10.21353,56.15659,SKOLEBAKKEN,1.0
2014-08-18,10.197,56.1527,SCANDCENTER,0.3313004032258064
2014-08-18,10.2049,56.15679,MAGASIN,0.2944791666666667
2014-08-18,10.20596,56.14951,BRUUNS,0.3399134312696747
2014-08-18,10.206,56.15561,BUSGADEHUSET,1.0512820512820513
2014-08-18,10.20818,56.15441,SALLING,0.26809523809523805
2014-08-18,10.21149,56.14952,KALKVAERKSVEJ,0.10238095238095235
2014-08-18,10.21284,56.16184,NORREPORT,0.5493589743589743
2014-08-18,10.21353,56.15659,SKOLEBAKKEN,1.0
2014-08-19,10.197,56.1527,SCANDCENTER,0.38061155913978495
2014-08-19,10.2049,56.15679,MAGASIN,0.34177083333333336
2014-08-19,10.20596,56.14951,BRUUNS,0.24890696047569075
2014-08-19,10.206,56.15561,BUSGADEHUSET,0.42163461538461533
2014-08-19,10.20818,56.15441,SALLING,0.2996428571428571
2014-08-19,10.21149,56.14952,KALKVAERKSVEJ,0.11904761904761901
2014-08-19,10.21284,56.16184,NORREPORT,0.569871794871795
2014-08-19,10.21353,56.15659,SKOLEBAKKEN,1.0
2014-08-20,10.197,56.1527,SCANDCENTER,0.39850470430107526
2014-08-20,10.2049,56.15679,MAGASIN,0.3528645833333333
2014-08-20,10.20596,56.14951,BRUUNS,0.23609653725078697
2014-08-20,10.206,56.15561,BUSGADEHUSET,0.2503205128205128
2014-08-20,10.20818,56.15441,SALLING,0.3579464285714285
2014-08-20,10.21149,56.14952,KALKVAERKSVEJ,0.12113095238095234
2014-08-20,10.21284,56.16184,NORREPORT,0.4782051282051282
2014-08-20,10.21353,56.15659,SKOLEBAKKEN,1.0
2014-08-21,10.197,56.1527,SCANDCENTER,0.42177419354838713
2014-08-21,10.2049,56.15679,MAGASIN,0.3307291666666667
2014-08-21,10.20596,56.14951,BRUUNS,0.2354844351171738
2014-08-21,10.206,56.15561,BUSGADEHUSET,0.13701923076923073
2014-08-21,10.20818,56.15441,SALLING,0.2839583333333333
2014-08-21,10.21149,56.14952,KALKVAERKSVEJ,0.13323412698412693
2014-08-21,10.21284,56.16184,NORREPORT,0.548076923076923
2014-08-21,10.21353,56.15659,SKOLEBAKKEN,1.0
2014-08-22,10.197,56.1527,SCANDCENTER,0.4001008064516129
2014-08-22,10.2049,56.15679,MAGASIN,0.39395833333333335
2014-08-22,10.20596,56.14951,BRUUNS,0.2859828611402588
2014-08-22,10.206,56.15561,BUSGADEHUSET,0.19999999999999996
2014-08-22,10.20818,56.15441,SALLING,0.2972916666666666
2014-08-22,10.21149,56.14952,KALKVAERKSVEJ,0.10119047619047615
2014-08-22,10.21284,56.16184,NORREPORT,0.5032051282051282
2014-08-22,10.21353,56.15659,SKOLEBAKKEN,1.0
2014-08-23,10.197,56.1527,SCANDCENTER,0.19208669354838706
2014-08-23,10.2049,56.15679,MAGASIN,0.31395833333333334
2014-08-23,10.20596,56.14951,BRUUNS,0.24978139209513814
2014-08-23,10.206,56.15561,BUSGADEHUSET,0.3301282051282051
2014-08-23,10.20818,56.15441,SALLING,0.2321130952380952
2014-08-23,10.21149,56.14952,KALKVAERKSVEJ,0.05962301587301583
2014-08-23,10.21284,56.16184,NORREPORT,0.43333333333333335
2014-08-23,10.21353,56.15659,SKOLEBAKKEN,1.0
2014-08-24,10.197,56.1527,SCANDCENTER,0.189885752688172
2014-08-24,10.2049,56.15679,MAGASIN,0.12333333333333334
2014-08-24,10.20596,56.14951,BRUUNS,0.17573889471843296
2014-08-24,10.206,56.15561,BUSGADEHUSET,0.3955128205128205
2014-08-24,10.20818,56.15441,SALLING,0.11502976190476187
2014-08-24,10.21149,56.14952,KALKVAERKSVEJ,0.040476190476190436
2014-08-24,10.21284,56.16184,NORREPORT,0.6387820512820513
2014-08-24,10.21353,56.15659,SKOLEBAKKEN,1.0
2014-08-25,10.197,56.1527,SCANDCENTER,0.3470430107526881
2014-08-25,10.2049,56.15679,MAGASIN,0.23286458333333335
2014-08-25,10.20596,56.14951,BRUUNS,0.22330797481636933
2014-08-25,10.206,56.15561,BUSGADEHUSET,0.7807692307692308
2014-08-25,10.20818,56.15441,SALLING,0.2626488095238095
2014-08-25,10.21149,56.14952,KALKVAERKSVEJ,0.12261904761904759
2014-08-25,10.21284,56.16184,NORREPORT,0.6108974358974358
2014-08-25,10.21353,56.15659,SKOLEBAKKEN,1.0
2014-08-26,10.197,56.1527,SCANDCENTER,0.3767809139784946
2014-08-26,10.2049,56.15679,MAGASIN,0.3163020833333333
2014-08-26,10.20596,56.14951,BRUUNS,0.21736183980412727
2014-08-26,10.206,56.15561,BUSGADEHUSET,0.9892628205128204
2014-08-26,10.20818,56.15441,SALLING,0.2841666666666666
2014-08-26,10.21149,56.14952,KALKVAERKSVEJ,0.1339285714285714
2014-08-26,10.21284,56.16184,NORREPORT,0.4189102564102564
2014-08-26,10.21353,56.15659,SKOLEBAKKEN,1.0
2014-08-27,10.197,56.1527,SCANDCENTER,0.42963709677419354
2014-08-27,10.2049,56.15679,MAGASIN,0.3463020833333333
2014-08-27,10.20596,56.14951,BRUUNS,0.22700244840853442
2014-08-27,10.206,56.15561,BUSGADEHUSET,1.0955128205128204
2014-08-27,10.20818,56.15441,SALLING,0.276875
2014-08-27,10.21149,56.14952,KALKVAERKSVEJ,0.13759920634920633
2014-08-27,10.21284,56.16184,NORREPORT,0.4282051282051282
2014-08-27,10.21353,56.15659,SKOLEBAKKEN,1.0
2014-08-28,10.197,56.1527,SCANDCENTER,0.4243111559139785
2014-08-28,10.2049,56.15679,MAGASIN,0.291875
2014-08-28,10.20596,56.14951,BRUUNS,0.22997551591465545
2014-08-28,10.206,56.15561,BUSGADEHUSET,1.7001602564102563
2014-08-28,10.20818,56.15441,SALLING,0.2464880952380952
2014-08-28,10.21149,56.14952,KALKVAERKSVEJ,0.12867063492063488
2014-08-28,10.21284,56.16184,NORREPORT,0.517948717948718
2014-08-28,10.21353,56.15659,SKOLEBAKKEN,1.0
2014-08-29,10.197,56.1527,SCANDCENTER,0.33672715053763436
2014-08-29,10.2049,56.15679,MAGASIN,0.35765625
2014-08-29,10.20596,56.14951,BRUUNS,0.3140083945435467
2014-08-29,10.206,56.15561,BUSGADEHUSET,2.1735576923076922
2014-08-29,10.20818,56.15441,SALLING,0.2747321428571428
2014-08-29,10.21149,56.14952,KALKVAERKSVEJ,0.1407738095238095
2014-08-29,10.21284,56.16184,NORREPORT,0.4615384615384615
2014-08-29,10.21353,56.15659,SKOLEBAKKEN,1.0
2014-08-30,10.197,56.1527,SCANDCENTER,0.2859711021505376
2014-08-30,10.2049,56.15679,MAGASIN,0.3086979166666667
2014-08-30,10.20596,56.14951,BRUUNS,0.3176591465547394
2014-08-30,10.206,56.15561,BUSGADEHUSET,2.378365384615385
2014-08-30,10.20818,56.15441,SALLING,0.20782738095238093
2014-08-30,10.21149,56.14952,KALKVAERKSVEJ,0.08819444444444441
2014-08-30,10.21284,56.16184,NORREPORT,0.4631410256410256
2014-08-30,10.21353,56.15659,SKOLEBAKKEN,1.0
2014-08-31,10.197,56.1527,SCANDCENTER,0.23185483870967738
2014-08-31,10.2049,56.15679,MAGASIN,0.1665625
2014-08-31,10.20596,56.14951,BRUUNS,0.17165092689751657
2014-08-31,10.206,56.15561,BUSGADEHUSET,2.3596153846153847
2014-08-31,10.20818,56.15441,SALLING,0.08958333333333329
2014-08-31,10.21149,56.14952,KALKVAERKSVEJ,0.053670634920634876
2014-08-31,10.21284,56.16184,NORREPORT,0.5442307692307692
2014-08-31,10.21353,56.15659,SKOLEBAKKEN,1.0
2014-09-01,10.197,56.1527,SCANDCENTER,0.35024544179523137
2014-09-01,10.2049,56.15679,MAGASIN,0.29445652173913045
2014-09-01,10.20596,56.14951,BRUUNS,0.20655595601989135
2014-09-01,10.206,56.15561,BUSGADEHUSET,2.376588628762542
2014-09-01,10.20818,56.15441,SALLING,0.2597204968944099
2014-09-01,10.21149,56.14952,KALKVAERKSVEJ,0.14668737060041404
2014-09-01,10.21284,56.16184,NORREPORT,0.6692307692307693
2014-09-01,10.21353,56.15659,SKOLEBAKKEN,1.0
2014-09-02,10.197,56.1527,SCANDCENTER,0.3735215053763441
2014-09-02,10.2049,56.15679,MAGASIN,0.2559375
2014-09-02,10.20596,56.14951,BRUUNS,0.2619141308149702
2014-09-02,10.206,56.15561,BUSGADEHUSET,1.2338141025641025
2014-09-02,10.20818,56.15441,SALLING,0.32428571428571423
2014-09-02,10.21149,56.14952,KALKVAERKSVEJ,0.20049603174603173
2014-09-02,10.21284,56.16184,NORREPORT,0.5298076923076923
2014-09-02,10.21353,56.15659,SKOLEBAKKEN,1.0000406901041667
2014-09-03,10.197,56.1527,SCANDCENTER,0.46087029569892474
2014-09-03,10.2049,56.15679,MAGASIN,0.30807291666666664
2014-09-03,10.20596,56.14951,BRUUNS,0.2358779293459251
2014-09-03,10.206,56.15561,BUSGADEHUSET,0.8666666666666667
2014-09-03,10.20818,56.15441,SALLING,0.32532738095238095
2014-09-03,10.21149,56.14952,KALKVAERKSVEJ,0.15496031746031744
2014-09-03,10.21284,56.16184,NORREPORT,0.5711538461538461
2014-09-03,10.21353,56.15659,SKOLEBAKKEN,1.0
2014-09-04,10.197,56.1527,SCANDCENTER,0.48042674731182794
2014-09-04,10.2049,56.15679,MAGASIN,0.29302083333333334
2014-09-04,10.20596,56.14951,BRUUNS,0.2518581671913256
2014-09-04,10.206,56.15561,BUSGADEHUSET,1.073076923076923
2014-09-04,10.20818,56.15441,SALLING,0.2975892857142857
2014-09-04,10.21149,56.14952,KALKVAERKSVEJ,0.17767857142857138
2014-09-04,10.21284,56.16184,NORREPORT,0.5275641025641026
2014-09-04,10.21353,56.15659,SKOLEBAKKEN,1.0
2014-09-05,10.197,56.1527,SCANDCENTER,0.4643817204301075
2014-09-05,10.2049,56.15679,MAGASIN,0.2989583333333333
2014-09-05,10.20596,56.14951,BRUUNS,0.2880814970269325
2014-09-05,10.206,56.15561,BUSGADEHUSET,1.324198717948718
2014-09-05,10.20818,56.15441,SALLING,0.32678571428571423
2014-09-05,10.21149,56.14952,KALKVAERKSVEJ,0.1686507936507936
2014-09-05,10.21284,56.16184,NORREPORT,0.5330128205128205
2014-09-05,10.21353,56.15659,SKOLEBAKKEN,1.0
2014-09-06,10.197,56.1527,SCANDCENTER,0.3903225806451613
2014-09-06,10.2049,56.15679,MAGASIN,0.33432291666666664
2014-09-06,10.20596,56.14951,BRUUNS,0.2596624693948933
2014-09-06,10.206,56.15561,BUSGADEHUSET,1.4844551282051281
2014-09-06,10.20818,56.15441,SALLING,0.25732142857142853
2014-09-06,10.21149,56.14952,KALKVAERKSVEJ,0.12777777777777774
2014-09-06,10.21284,56.16184,NORREPORT,0.5451923076923076
2014-09-06,10.21353,56.15659,SKOLEBAKKEN,1.0
2014-09-07,10.197,56.1527,SCANDCENTER,0.26134072580645157
2014-09-07,10.2049,56.15679,MAGASIN,0.21333333333333335
2014-09-07,10.20596,56.14951,BRUUNS,0.16386848548443508
2014-09-07,10.206,56.15561,BUSGADEHUSET,1.3913461538461538
2014-09-07,10.20818,56.15441,SALLING,0.1232738095238095
2014-09-07,10.21149,56.14952,KALKVAERKSVEJ,0.08660714285714283
2014-09-07,10.21284,56.16184,NORREPORT,0.6666666666666666
2014-09-07,10.21353,56.15659,SKOLEBAKKEN,1.0
2014-09-08,10.197,56.1527,SCANDCENTER,0.4029905913978495
2014-09-08,10.2049,56.15679,MAGASIN,0.3098958333333333
2014-09-08,10.20596,56.14951,BRUUNS,0.21865162644281214
2014-09-08,10.206,56.15561,BUSGADEHUSET,1.3020833333333333
2014-09-08,10.20818,56.15441,SALLING,0.2602083333333333
2014-09-08,10.21149,56.14952,KALKVAERKSVEJ,0.1274801587301587
2014-09-08,10.21284,56.16184,NORREPORT,0.5477564102564102
2014-09-08,10.21353,56.15659,SKOLEBAKKEN,1.0
2014-09-09,10.197,56.1527,SCANDCENTER,0.37904905913978487
2014-09-09,10.2049,56.15679,MAGASIN,0.30130208333333336
2014-09-09,10.20596,56.14951,BRUUNS,0.21607205316544242
2014-09-09,10.206,56.15561,BUSGADEHUSET,1.4041666666666668
2014-09-09,10.20818,56.15441,SALLING,0.27901785714285715
2014-09-09,10.21149,56.14952,KALKVAERKSVEJ,0.114781746031746
2014-09-09,10.21284,56.16184,NORREPORT,0.5060897435897436
2014-09-09,10.21353,56.15659,SKOLEBAKKEN,1.0
2014-09-10,10.197,56.1527,SCANDCENTER,0.4129200268817204
2014-09-10,10.2049,56.15679,MAGASIN,0.27499999999999997
2014-09-10,10.20596,56.14951,BRUUNS,0.08868922700244837
2014-09-10,10.206,56.15561,BUSGADEHUSET,1.6152243589743591
2014-09-10,10.20818,56.15441,SALLING,0.2689285714285714
2014-09-10,10.21149,56.14952,KALKVAERKSVEJ,0.12956349206349205
2014-09-10,10.21284,56.16184,NORREPORT,0.5990384615384615
2014-09-10,10.21353,56.15659,SKOLEBAKKEN,1.0
2014-09-11,10.197,56.1527,SCANDCENTER,0.37377352150537635
2014-09-11,10.2049,56.15679,MAGASIN,0.25666666666666665
2014-09-11,10.20596,56.14951,BRUUNS,0.20194998251136756
2014-09-11,10.206,56.15561,BUSGADEHUSET,1.8932692307692307
2014-09-11,10.20818,56.15441,SALLING,0.2685714285714285
2014-09-11,10.21149,56.14952,KALKVAERKSVEJ,0.16071428571428567
2014-09-11,10.21284,56.16184,NORREPORT,0.5349358974358974
2014-09-11,10.21353,56.15659,SKOLEBAKKEN,1.0
2014-09-12,10.197,56.1527,SCANDCENTER,0.33422379032258065
2014-09-12,10.2049,56.15679,MAGASIN,0.25994791666666667
2014-09-12,10.20596,56.14951,BRUUNS,0.2607336481287163
2014-09-12,10.206,56.15561,BUSGADEHUSET,2.1033653846153846
2014-09-12,10.20818,56.15441,SALLING,0.27351190476190473
2014-09-12,10.21149,56.14952,KALKVAERKSVEJ,0.08244047619047613
2014-09-12,10.21284,56.16184,NORREPORT,0.5737179487179488
2014-09-12,10.21353,56.15659,SKOLEBAKKEN,1.0
2014-09-13,10.197,56.1527,SCANDCENTER,0.1903401122019635
2014-09-13,10.2049,56.15679,MAGASIN,0.24070652173913043
2014-09-13,10.20596,56.14951,BRUUNS,0.2595921346776769
2014-09-13,10.206,56.15561,BUSGADEHUSET,2.2570234113712373
2014-09-13,10.20818,56.15441,SALLING,0.2048136645962733
2014-09-13,10.21149,56.14952,KALKVAERKSVEJ,0.04896480331262936
2014-09-13,10.21284,56.16184,NORREPORT,0.3464882943143813
2014-09-13,10.21353,56.15659,SKOLEBAKKEN,1.0
2014-09-14,10.197,56.1527,SCANDCENTER,0.14504368279569888
2014-09-14,10.2049,56.15679,MAGASIN,0.08776041666666667
2014-09-14,10.20596,56.14951,BRUUNS,0.142707240293809
2014-09-14,10.206,56.15561,BUSGADEHUSET,2.1700320512820515
2014-09-14,10.20818,56.15441,SALLING,0.08999999999999997
2014-09-14,10.21149,56.14952,KALKVAERKSVEJ,0.035813492063492026
2014-09-14,10.21284,56.16184,NORREPORT,0.5057692307692307
2014-09-14,10.21353,56.15659,SKOLEBAKKEN,1.0
2014-09-15,10.197,56.1527,SCANDCENTER,0.336993822923816
2014-09-15,10.2049,56.15679,MAGASIN,0.22909574468085106
2014-09-15,10.20596,56.14951,BRUUNS,0.21569065213993877
2014-09-15,10.206,56.15561,BUSGADEHUSET,1.292798690671031
2014-09-15,10.20818,56.15441,SALLING,0.24732522796352582
2014-09-15,10.21149,56.14952,KALKVAERKSVEJ,0.21084093211752783
2014-09-15,10.21284,56.16184,NORREPORT,0.5826513911620295
2014-09-15,10.21353,56.15659,SKOLEBAKKEN,1.0
2014-09-16,10.197,56.1527,SCANDCENTER,0.4308339052848318
2014-09-16,10.2049,56.15679,MAGASIN,0.25707446808510637
2014-09-16,10.20596,56.14951,BRUUNS,0.2794981134602933
2014-09-16,10.206,56.15561,BUSGADEHUSET,0.739607201309329
2014-09-16,10.20818,56.15441,SALLING,0.2627659574468085
2014-09-16,10.21149,56.14952,KALKVAERKSVEJ,0.15572441742654505
2014-09-16,10.21284,56.16184,NORREPORT,0.4527004909983633
2014-09-16,10.21353,56.15659,SKOLEBAKKEN,1.0
2014-09-17,10.197,56.1527,SCANDCENTER,0.47637768817204296
2014-09-17,10.2049,56.15679,MAGASIN,0.2747395833333333
2014-09-17,10.20596,56.14951,BRUUNS,0.2997551591465547
2014-09-17,10.206,56.15561,BUSGADEHUSET,1.0078525641025642
2014-09-17,10.20818,56.15441,SALLING,0.281547619047619
2014-09-17,10.21149,56.14952,KALKVAERKSVEJ,0.16041666666666662
2014-09-17,10.21284,56.16184,NORREPORT,0.5509615384615385
2014-09-17,10.21353,56.15659,SKOLEBAKKEN,1.0
2014-09-18,10.197,56.1527,SCANDCENTER,0.38357927247769386
2014-09-18,10.2049,56.15679,MAGASIN,0.24117021276595743
2014-09-18,10.20596,56.14951,BRUUNS,0.21359201625326513
2014-09-18,10.206,56.15561,BUSGADEHUSET,1.2500818330605565
2014-09-18,10.20818,56.15441,SALLING,0.2847720364741641
2014-09-18,10.21149,56.14952,KALKVAERKSVEJ,0.14022289766970614
2014-09-18,10.21284,56.16184,NORREPORT,0.5885433715220949
2014-09-18,10.21353,56.15659,SKOLEBAKKEN,1.0
2014-09-19,10.197,56.1527,SCANDCENTER,0.38224126344086023
2014-09-19,10.2049,56.15679,MAGASIN,0.3198958333333333
2014-09-19,10.20596,56.14951,BRUUNS,0.2657616299405386
2014-09-19,10.206,56.15561,BUSGADEHUSET,1.3903846153846153
2014-09-19,10.20818,56.15441,SALLING,0.2938988095238095
2014-09-19,10.21149,56.14952,KALKVAERKSVEJ,0.13124999999999998
2014-09-19,10.21284,56.16184,NORREPORT,0.569551282051282
2014-09-19,10.21353,56.15659,SKOLEBAKKEN,1.0
2014-09-20,10.197,56.1527,SCANDCENTER,0.301192876344086
2014-09-20,10.2049,56.15679,MAGASIN,0.27901041666666665
2014-09-20,10.20596,56.14951,BRUUNS,0.3126967471143756
2014-09-20,10.206,56.15561,BUSGADEHUSET,1.795352564102564
2014-09-20,10.20818,56.15441,SALLING,0.2928571428571428
2014-09-20,10.21149,56.14952,KALKVAERKSVEJ,0.062103174603174556
2014-09-20,10.21284,56.16184,NORREPORT,0.43365384615384617
2014-09-20,10.21353,56.15659,SKOLEBAKKEN,1.0
2014-09-21,10.197,56.1527,SCANDCENTER,0.24726142473118276
2014-09-21,10.2049,56.15679,MAGASIN,0.07848958333333333
2014-09-21,10.20596,56.14951,BRUUNS,0.12565582371458547
2014-09-21,10.206,56.15561,BUSGADEHUSET,1.8165064102564104
2014-09-21,10.20818,56.15441,SALLING,0.13669642857142852
2014-09-21,10.21149,56.14952,KALKVAERKSVEJ,0.029166666666666632
2014-09-21,10.21284,56.16184,NORREPORT,0.4913461538461539
2014-09-21,10.21353,56.15659,SKOLEBAKKEN,1.0
2014-09-22,10.197,56.1527,SCANDCENTER,0.42281586021505374
2014-09-22,10.2049,56.15679,MAGASIN,0.31375000000000003
2014-09-22,10.20596,56.14951,BRUUNS,0.209011017838405
2014-09-22,10.206,56.15561,BUSGADEHUSET,1.2322115384615384
2014-09-22,10.20818,56.15441,SALLING,0.27735119047619045
2014-09-22,10.21149,56.14952,KALKVAERKSVEJ,0.11974206349206347
2014-09-22,10.21284,56.16184,NORREPORT,0.49935897435897436
2014-09-22,10.21353,56.15659,SKOLEBAKKEN,1.0
2014-09-23,10.197,56.1527,SCANDCENTER,0.44442204301075267
2014-09-23,10.2049,56.15679,MAGASIN,0.29630208333333335
2014-09-23,10.20596,56.14951,BRUUNS,0.2241824064358167
2014-09-23,10.206,56.15561,BUSGADEHUSET,0.8091346153846154
2014-09-23,10.20818,56.15441,SALLING,0.27577380952380953
2014-09-23,10.21149,56.14952,KALKVAERKSVEJ,0.19097222222222218
2014-09-23,10.21284,56.16184,NORREPORT,0.4304487179487179
2014-09-23,10.21353,56.15659,SKOLEBAKKEN,1.0
2014-09-24,10.197,56.1527,SCANDCENTER,0.4327956989247312
2014-09-24,10.2049,56.15679,MAGASIN,0.25895833333333335
2014-09-24,10.20596,56.14951,BRUUNS,0.23513466246939485
2014-09-24,10.206,56.15561,BUSGADEHUSET,1.0240384615384615
2014-09-24,10.20818,56.15441,SALLING,0.2977380952380952
2014-09-24,10.21149,56.14952,KALKVAERKSVEJ,0.17867063492063487
2014-09-24,10.21284,56.16184,NORREPORT,0.44743589743589746
2014-09-24,10.21353,56.15659,SKOLEBAKKEN,1.0
2014-09-25,10.197,56.1527,SCANDCENTER,0.47568884408602147
2014-09-25,10.2049,56.15679,MAGASIN,0.28192708333333333
2014-09-25,10.20596,56.14951,BRUUNS,0.25588055264078347
2014-09-25,10.206,56.15561,BUSGADEHUSET,1.314423076923077
2014-09-25,10.20818,56.15441,SALLING,0.2820535714285714
2014-09-25,10.21149,56.14952,KALKVAERKSVEJ,0.22956349206349203
2014-09-25,10.21284,56.16184,NORREPORT,0.5496794871794872
2014-09-25,10.21353,56.15659,SKOLEBAKKEN,1.0
2014-09-26,10.197,56.1527,SCANDCENTER,0.36232718894009214
2014-09-26,10.2049,56.15679,MAGASIN,0.2866964285714286
2014-09-26,10.20596,56.14951,BRUUNS,0.22365462449407883
2014-09-26,10.206,56.15561,BUSGADEHUSET,1.4538461538461538
2014-09-26,10.20818,56.15441,SALLING,0.26903061224489794
2014-09-26,10.21149,56.14952,KALKVAERKSVEJ,0.16088435374149657
2014-09-26,10.21284,56.16184,NORREPORT,0.5543956043956044
2014-09-26,10.21353,56.15659,SKOLEBAKKEN,1.0
2014-09-29,10.197,56.1527,SCANDCENTER,0.49198924731182797
2014-09-29,10.2049,56.15679,MAGASIN,0.41791666666666666
2014-09-29,10.20596,56.14951,BRUUNS,0.34351171738370057
2014-09-29,10.206,56.15561,BUSGADEHUSET,2.496153846153846
2014-09-29,10.20818,56.15441,SALLING,0.7021904761904761
2014-09-29,10.21149,56.14952,KALKVAERKSVEJ,0.2076190476190476
2014-09-29,10.21284,56.16184,NORREPORT,0.4153846153846154
2014-09-29,10.21353,56.15659,SKOLEBAKKEN,1.0
2014-09-30,10.197,56.1527,SCANDCENTER,0.4261256720430107
2014-09-30,10.2049,56.15679,MAGASIN,0.2658333333333333
2014-09-30,10.20596,56.14951,BRUUNS,0.2612801678908709
2014-09-30,10.206,56.15561,BUSGADEHUSET,1.2604166666666667
2014-09-30,10.20818,56.15441,SALLING,0.4727083333333333
2014-09-30,10.21149,56.14952,KALKVAERKSVEJ,0.22311507936507935
2014-09-30,10.21284,56.16184,NORREPORT,0.48333333333333334
2014-09-30,10.21353,56.15659,SKOLEBAKKEN,1.0
2014-10-01,10.197,56.1527,SCANDCENTER,0.3988675360329444
2014-10-01,10.2049,56.15679,MAGASIN,0.25851063829787235
2014-10-01,10.20596,56.14951,BRUUNS,0.25058605523431043
2014-10-01,10.206,56.15561,BUSGADEHUSET,0.8708674304418985
2014-10-01,10.20818,56.15441,SALLING,0.44191489361702124
2014-10-01,10.21149,56.14952,KALKVAERKSVEJ,0.2353596757852077
2014-10-01,10.21284,56.16184,NORREPORT,0.5083469721767594
2014-10-01,10.21353,56.15659,SKOLEBAKKEN,1.0
2014-10-02,10.197,56.1527,SCANDCENTER,0.4326780913978494
2014-10-02,10.2049,56.15679,MAGASIN,0.27979166666666666
2014-10-02,10.20596,56.14951,BRUUNS,0.2983997901364113
2014-10-02,10.206,56.15561,BUSGADEHUSET,1.1294871794871795
2014-10-02,10.20818,56.15441,SALLING,0.4272916666666666
2014-10-02,10.21149,56.14952,KALKVAERKSVEJ,0.15575396825396823
2014-10-02,10.21284,56.16184,NORREPORT,0.7817307692307692
2014-10-02,10.21353,56.15659,SKOLEBAKKEN,1.0
2014-10-03,10.197,56.1527,SCANDCENTER,0.3649361559139785
2014-10-03,10.2049,56.15679,MAGASIN,0.32156250000000003
2014-10-03,10.20596,56.14951,BRUUNS,0.3330272822665267
2014-10-03,10.206,56.15561,BUSGADEHUSET,1.536698717948718
2014-10-03,10.20818,56.15441,SALLING,0.5226488095238095
2014-10-03,10.21149,56.14952,KALKVAERKSVEJ,0.12311507936507933
2014-10-03,10.21284,56.16184,NORREPORT,0.49102564102564106
2014-10-03,10.21353,56.15659,SKOLEBAKKEN,1.0
2014-10-04,10.197,56.1527,SCANDCENTER,0.259190188172043
2014-10-04,10.2049,56.15679,MAGASIN,0.3065104166666667
2014-10-04,10.20596,56.14951,BRUUNS,0.33405473941937736
2014-10-04,10.206,56.15561,BUSGADEHUSET,1.9363782051282052
2014-10-04,10.20818,56.15441,SALLING,0.4683630952380952
2014-10-04,10.21149,56.14952,KALKVAERKSVEJ,0.11249999999999998
2014-10-04,10.21284,56.16184,NORREPORT,0.41602564102564105
2014-10-04,10.21353,56.15659,SKOLEBAKKEN,1.0
2014-10-05,10.197,56.1527,SCANDCENTER,0.1907594086021505
2014-10-05,10.2049,56.15679,MAGASIN,0.11499999999999999
2014-10-05,10.20596,56.14951,BRUUNS,0.14928733823015036
2014-10-05,10.206,56.15561,BUSGADEHUSET,1.9019230769230768
2014-10-05,10.20818,56.15441,SALLING,0.18053571428571424
2014-10-05,10.21149,56.14952,KALKVAERKSVEJ,0.031150793650793606
2014-10-05,10.21284,56.16184,NORREPORT,0.5375
2014-10-05,10.21353,56.15659,SKOLEBAKKEN,1.0
2014-10-06,10.197,56.1527,SCANDCENTER,0.36323924731182794
2014-10-06,10.2049,56.15679,MAGASIN,0.2543229166666667
2014-10-06,10.20596,56.14951,BRUUNS,0.23624956278419026
2014-10-06,10.206,56.15561,BUSGADEHUSET,1.1504807692307693
2014-10-06,10.20818,56.15441,SALLING,0.24238095238095236
2014-10-06,10.21149,56.14952,KALKVAERKSVEJ,0.1328373015873016
2014-10-06,10.21284,56.16184,NORREPORT,0.5708333333333333
2014-10-06,10.21353,56.15659,SKOLEBAKKEN,1.0
2014-10-07,10.197,56.1527,SCANDCENTER,0.37053091397849464
2014-10-07,10.2049,56.15679,MAGASIN,0.28869791666666667
2014-10-07,10.20596,56.14951,BRUUNS,0.2735659321441063
2014-10-07,10.206,56.15561,BUSGADEHUSET,0.844551282051282
2014-10-07,10.20818,56.15441,SALLING,0.320625
2014-10-07,10.21149,56.14952,KALKVAERKSVEJ,0.14216269841269838
2014-10-07,10.21284,56.16184,NORREPORT,0.5743589743589744
2014-10-07,10.21353,56.15659,SKOLEBAKKEN,1.0
2014-10-08,10.197,56.1527,SCANDCENTER,0.37431115591397845
2014-10-08,10.2049,56.15679,MAGASIN,0.26286458333333335
2014-10-08,10.20596,56.14951,BRUUNS,0.2577824414130815
2014-10-08,10.206,56.15561,BUSGADEHUSET,0.8559294871794871
2014-10-08,10.20818,56.15441,SALLING,0.3047916666666666
2014-10-08,10.21149,56.14952,KALKVAERKSVEJ,0.15386904761904757
2014-10-08,10.21284,56.16184,NORREPORT,0.5621794871794872
2014-10-08,10.21353,56.15659,SKOLEBAKKEN,1.0
2014-10-09,10.197,56.1527,SCANDCENTER,0.41596102150537634
2014-10-09,10.2049,56.15679,MAGASIN,0.243125
2014-10-09,10.20596,56.14951,BRUUNS,0.28969919552291007
2014-10-09,10.206,56.15561,BUSGADEHUSET,0.9740384615384615
2014-10-09,10.20818,56.15441,SALLING,0.29223214285714283
2014-10-09,10.21149,56.14952,KALKVAERKSVEJ,0.15595238095238093
2014-10-09,10.21284,56.16184,NORREPORT,0.5737179487179488
2014-10-09,10.21353,56.15659,SKOLEBAKKEN,1.0
2014-10-10,10.197,56.1527,SCANDCENTER,0.34317876344086023
2014-10-10,10.2049,56.15679,MAGASIN,0.2755208333333333
2014-10-10,10.20596,56.14951,BRUUNS,0.3056357117873382
2014-10-10,10.206,56.15561,BUSGADEHUSET,0.954647435897436
2014-10-10,10.20818,56.15441,SALLING,0.29952380952380947
2014-10-10,10.21149,56.14952,KALKVAERKSVEJ,0.11210317460317458
2014-10-10,10.21284,56.16184,NORREPORT,0.5076923076923077
2014-10-10,10.21353,56.15659,SKOLEBAKKEN,1.0
2014-10-11,10.197,56.1527,SCANDCENTER,0.1559979838709677
2014-10-11,10.2049,56.15679,MAGASIN,0.25317708333333333
2014-10-11,10.20596,56.14951,BRUUNS,0.3267532353969919
2014-10-11,10.206,56.15561,BUSGADEHUSET,0.9280448717948717
2014-10-11,10.20818,56.15441,SALLING,0.23803571428571427
2014-10-11,10.21149,56.14952,KALKVAERKSVEJ,0.056547619047619006
2014-10-11,10.21284,56.16184,NORREPORT,0.30737179487179483
2014-10-11,10.21353,56.15659,SKOLEBAKKEN,1.0
2014-10-12,10.197,56.1527,SCANDCENTER,0.11503696236559136
2014-10-12,10.2049,56.15679,MAGASIN,0.06770833333333333
2014-10-12,10.20596,56.14951,BRUUNS,0.14259793634137807
2014-10-12,10.206,56.15561,BUSGADEHUSET,1.0371794871794873
2014-10-12,10.20818,56.15441,SALLING,0.07943452380952377
2014-10-12,10.21149,56.14952,KALKVAERKSVEJ,0.029166666666666615
2014-10-12,10.21284,56.16184,NORREPORT,0.33557692307692305
2014-10-12,10.21353,56.15659,SKOLEBAKKEN,1.0
2014-10-13,10.197,56.1527,SCANDCENTER,0.2802923387096774
2014-10-13,10.2049,56.15679,MAGASIN,0.31760416666666663
2014-10-13,10.20596,56.14951,BRUUNS,0.3906741867785939
2014-10-13,10.206,56.15561,BUSGADEHUSET,0.9480769230769232
2014-10-13,10.20818,56.15441,SALLING,0.4079761904761905
2014-10-13,10.21149,56.14952,KALKVAERKSVEJ,0.14087301587301582
2014-10-13,10.21284,56.16184,NORREPORT,0.3717948717948718
2014-10-13,10.21353,56.15659,SKOLEBAKKEN,1.0
2014-10-14,10.197,56.1527,SCANDCENTER,0.2966061827956989
2014-10-14,10.2049,56.15679,MAGASIN,0.31906249999999997
2014-10-14,10.20596,56.14951,BRUUNS,0.4141526757607555
2014-10-14,10.206,56.15561,BUSGADEHUSET,0.9152243589743589
2014-10-14,10.20818,56.15441,SALLING,0.3569940476190476
2014-10-14,10.21149,56.14952,KALKVAERKSVEJ,0.11130952380952379
2014-10-14,10.21284,56.16184,NORREPORT,0.26314102564102565
2014-10-14,10.21353,56.15659,SKOLEBAKKEN,1.0
2014-10-15,10.197,56.1527,SCANDCENTER,0.3066532258064516
2014-10-15,10.2049,56.15679,MAGASIN,0.42984375
2014-10-15,10.20596,56.14951,BRUUNS,0.41644805876180474
2014-10-15,10.206,56.15561,BUSGADEHUSET,1.003525641025641
2014-10-15,10.20818,56.15441,SALLING,0.3574702380952381
2014-10-15,10.21149,56.14952,KALKVAERKSVEJ,0.11378968253968251
2014-10-15,10.21284,56.16184,NORREPORT,0.28044871794871795
2014-10-15,10.21353,56.15659,SKOLEBAKKEN,1.0
2014-10-16,10.197,56.1527,SCANDCENTER,0.3025873655913978
2014-10-16,10.2049,56.15679,MAGASIN,0.34005208333333337
2014-10-16,10.20596,56.14951,BRUUNS,0.4202955578873732
2014-10-16,10.206,56.15561,BUSGADEHUSET,1.0607371794871796
2014-10-16,10.20818,56.15441,SALLING,0.36767857142857135
2014-10-16,10.21149,56.14952,KALKVAERKSVEJ,0.1309523809523809
2014-10-16,10.21284,56.16184,NORREPORT,0.29038461538461535
2014-10-16,10.21353,56.15659,SKOLEBAKKEN,1.0
2014-10-17,10.197,56.1527,SCANDCENTER,0.2921757035003431
2014-10-17,10.2049,56.15679,MAGASIN,0.3389893617021276
2014-10-17,10.20596,56.14951,BRUUNS,0.4334799401665513
2014-10-17,10.206,56.15561,BUSGADEHUSET,1.4014729950900164
2014-10-17,10.20818,56.15441,SALLING,0.3749544072948328
2014-10-17,10.21149,56.14952,KALKVAERKSVEJ,0.0896656534954407
2014-10-17,10.21284,56.16184,NORREPORT,0.24058919803600654
2014-10-17,10.21353,56.15659,SKOLEBAKKEN,1.0
2014-10-18,10.197,56.1527,SCANDCENTER,0.2056115591397849
2014-10-18,10.2049,56.15679,MAGASIN,0.28520833333333334
2014-10-18,10.20596,56.14951,BRUUNS,0.31975778244141306
2014-10-18,10.206,56.15561,BUSGADEHUSET,1.8161858974358973
2014-10-18,10.20818,56.15441,SALLING,0.2891964285714285
2014-10-18,10.21149,56.14952,KALKVAERKSVEJ,0.0510912698412698
2014-10-18,10.21284,56.16184,NORREPORT,0.2625
2014-10-18,10.21353,56.15659,SKOLEBAKKEN,1.0
2014-10-19,10.197,56.1527,SCANDCENTER,0.17246303763440854
2014-10-19,10.2049,56.15679,MAGASIN,0.14411458333333335
2014-10-19,10.20596,56.14951,BRUUNS,0.19042934592514862
2014-10-19,10.206,56.15561,BUSGADEHUSET,1.7645833333333334
2014-10-19,10.20818,56.15441,SALLING,0.13428571428571426
2014-10-19,10.21149,56.14952,KALKVAERKSVEJ,0.023015873015872962
2014-10-19,10.21284,56.16184,NORREPORT,0.517948717948718
2014-10-19,10.21353,56.15659,SKOLEBAKKEN,1.0
2014-10-20,10.197,56.1527,SCANDCENTER,0.3299059139784946
2014-10-20,10.2049,56.15679,MAGASIN,0.24265625000000002
2014-10-20,10.20596,56.14951,BRUUNS,0.2975034977264778
2014-10-20,10.206,56.15561,BUSGADEHUSET,1.1325320512820511
2014-10-20,10.20818,56.15441,SALLING,0.2819940476190476
2014-10-20,10.21149,56.14952,KALKVAERKSVEJ,0.12718253968253965
2014-10-20,10.21284,56.16184,NORREPORT,0.5791666666666667
2014-10-20,10.21353,56.15659,SKOLEBAKKEN,1.0
2014-10-21,10.197,56.1527,SCANDCENTER,0.40132728494623654
2014-10-21,10.2049,56.15679,MAGASIN,0.27890624999999997
2014-10-21,10.20596,56.14951,BRUUNS,0.24427247289261977
2014-10-21,10.206,56.15561,BUSGADEHUSET,0.8647435897435898
2014-10-21,10.20818,56.15441,SALLING,0.290297619047619
2014-10-21,10.21149,56.14952,KALKVAERKSVEJ,0.13005952380952376
2014-10-21,10.21284,56.16184,NORREPORT,0.5823717948717949
2014-10-21,10.21353,56.15659,SKOLEBAKKEN,1.0
2014-10-22,10.197,56.1527,SCANDCENTER,0.3454301075268817
2014-10-22,10.2049,56.15679,MAGASIN,0.25661458333333337
2014-10-22,10.20596,56.14951,BRUUNS,0.23423837005946133
2014-10-22,10.206,56.15561,BUSGADEHUSET,1.0663461538461538
2014-10-22,10.20818,56.15441,SALLING,0.29336309523809523
2014-10-22,10.21149,56.14952,KALKVAERKSVEJ,0.11706349206349202
2014-10-22,10.21284,56.16184,NORREPORT,0.6586538461538461
2014-10-22,10.21353,56.15659,SKOLEBAKKEN,1.0
2014-10-23,10.197,56.1527,SCANDCENTER,0.42067604667124225
2014-10-23,10.2049,56.15679,MAGASIN,0.2853723404255319
2014-10-23,10.20596,56.14951,BRUUNS,0.26161505659619116
2014-10-23,10.206,56.15561,BUSGADEHUSET,1.0147299509001637
2014-10-23,10.20818,56.15441,SALLING,0.2915501519756839
2014-10-23,10.21149,56.14952,KALKVAERKSVEJ,0.13667679837892602
2014-10-23,10.21284,56.16184,NORREPORT,0.5705400981996727
2014-10-23,10.21353,56.15659,SKOLEBAKKEN,1.0
2014-10-24,10.197,56.1527,SCANDCENTER,0.44035618279569894
2014-10-24,10.2049,56.15679,MAGASIN,0.36671875
2014-10-24,10.20596,56.14951,BRUUNS,0.2896117523609653
2014-10-24,10.206,56.15561,BUSGADEHUSET,0.9681089743589744
2014-10-24,10.20818,56.15441,SALLING,0.3065178571428571
2014-10-24,10.21149,56.14952,KALKVAERKSVEJ,0.14087301587301584
2014-10-24,10.21284,56.16184,NORREPORT,0.6884615384615386
2014-10-24,10.21353,56.15659,SKOLEBAKKEN,1.0
2014-10-25,10.197,56.1527,SCANDCENTER,0.2982022849462365
2014-10-25,10.2049,56.15679,MAGASIN,0.3229166666666667
2014-10-25,10.20596,56.14951,BRUUNS,0.30900227352221055
2014-10-25,10.206,56.15561,BUSGADEHUSET,0.8020833333333334
2014-10-25,10.20818,56.15441,SALLING,0.24928571428571425
2014-10-25,10.21149,56.14952,KALKVAERKSVEJ,0.060615079365079316
2014-10-25,10.21284,56.16184,NORREPORT,0.47564102564102567
2014-10-25,10.21353,56.15659,SKOLEBAKKEN,1.0
2014-10-26,10.197,56.1527,SCANDCENTER,0.21737096774193546
2014-10-26,10.2049,56.15679,MAGASIN,0.11805
2014-10-26,10.20596,56.14951,BRUUNS,0.13213011542497372
2014-10-26,10.206,56.15561,BUSGADEHUSET,0.782
2014-10-26,10.20818,56.15441,SALLING,0.1268285714285714
2014-10-26,10.21149,56.14952,KALKVAERKSVEJ,0.044285714285714255
2014-10-26,10.21284,56.16184,NORREPORT,0.5803076923076923
2014-10-26,10.21353,56.15659,SKOLEBAKKEN,1.0
2014-10-27,10.197,56.1527,SCANDCENTER,0.31389448924731184
2014-10-27,10.2049,56.15679,MAGASIN,0.2602083333333333
2014-10-27,10.20596,56.14951,BRUUNS,0.21336131514515563
2014-10-27,10.206,56.15561,BUSGADEHUSET,0.764102564102564
2014-10-27,10.20818,56.15441,SALLING,0.271875
2014-10-27,10.21149,56.14952,KALKVAERKSVEJ,0.12718253968253965
2014-10-27,10.21284,56.16184,NORREPORT,0.5246794871794872
2014-10-27,10.21353,56.15659,SKOLEBAKKEN,1.0
2014-10-28,10.197,56.1527,SCANDCENTER,0.3846102150537634
2014-10-28,10.2049,56.15679,MAGASIN,0.26984375
2014-10-28,10.20596,56.14951,BRUUNS,0.25301678908709335
2014-10-28,10.206,56.15561,BUSGADEHUSET,0.7453525641025641
2014-10-28,10.20818,56.15441,SALLING,0.30011904761904756
2014-10-28,10.21149,56.14952,KALKVAERKSVEJ,0.2913690476190476
2014-10-28,10.21284,56.16184,NORREPORT,0.4173076923076923
2014-10-28,10.21353,56.15659,SKOLEBAKKEN,1.0
2014-10-29,10.197,56.1527,SCANDCENTER,0.4804939516129032
2014-10-29,10.2049,56.15679,MAGASIN,0.2503125
2014-10-29,10.20596,56.14951,BRUUNS,0.2876442812172088
2014-10-29,10.206,56.15561,BUSGADEHUSET,1.0149038461538462
2014-10-29,10.20818,56.15441,SALLING,0.3078869047619047
2014-10-29,10.21149,56.14952,KALKVAERKSVEJ,0.1347222222222222
2014-10-29,10.21284,56.16184,NORREPORT,0.4423076923076923
2014-10-29,10.21353,56.15659,SKOLEBAKKEN,1.0
2014-10-30,10.197,56.1527,SCANDCENTER,0.4241767473118279
2014-10-30,10.2049,56.15679,MAGASIN,0.28479166666666667
2014-10-30,10.20596,56.14951,BRUUNS,0.012701119272472852
2014-10-30,10.206,56.15561,BUSGADEHUSET,1.4306089743589743
2014-10-30,10.20818,56.15441,SALLING,0.30360119047619044
2014-10-30,10.21149,56.14952,KALKVAERKSVEJ,0.14067460317460312
2014-10-30,10.21284,56.16184,NORREPORT,0.4205128205128205
2014-10-30,10.21353,56.15659,SKOLEBAKKEN,1.0
2014-10-31,10.197,56.1527,SCANDCENTER,0.4053646563814866
2014-10-31,10.2049,56.15679,MAGASIN,0.34407608695652175
2014-10-31,10.20596,56.14951,BRUUNS,0.27446507596149455
2014-10-31,10.206,56.15561,BUSGADEHUSET,1.818561872909699
2014-10-31,10.20818,56.15441,SALLING,0.32531055900621114
2014-10-31,10.21149,56.14952,KALKVAERKSVEJ,0.132815734989648
2014-10-31,10.21284,56.16184,NORREPORT,0.5107023411371238
2014-10-31,10.21353,56.15659,SKOLEBAKKEN,1.0
2014-11-01,10.197,56.1527,SCANDCENTER,0.3372647849462365
2014-11-01,10.2049,56.15679,MAGASIN,0.32734375
2014-11-01,10.20596,56.14951,BRUUNS,0.7229800629590765
2014-11-01,10.206,56.15561,BUSGADEHUSET,1.980448717948718
2014-11-01,10.20818,56.15441,SALLING,0.3121428571428571
2014-11-01,10.21149,56.14952,KALKVAERKSVEJ,0.1006944444444444
2014-11-01,10.21284,56.16184,NORREPORT,0.4314102564102564
2014-11-01,10.21353,56.15659,SKOLEBAKKEN,1.0
2014-11-02,10.197,56.1527,SCANDCENTER,0.20477150537634403
2014-11-02,10.2049,56.15679,MAGASIN,0.1853125
2014-11-02,10.20596,56.14951,BRUUNS,0.7229800629590765
2014-11-02,10.206,56.15561,BUSGADEHUSET,1.9006410256410255
2014-11-02,10.20818,56.15441,SALLING,0.12002976190476185
2014-11-02,10.21149,56.14952,KALKVAERKSVEJ,0.04107142857142853
2014-11-02,10.21284,56.16184,NORREPORT,0.4711538461538462
2014-11-02,10.21353,56.15659,SKOLEBAKKEN,1.0
2014-11-03,10.197,56.1527,SCANDCENTER,0.4262933657942788
2014-11-03,10.2049,56.15679,MAGASIN,0.328066037735849
2014-11-03,10.20596,56.14951,BRUUNS,0.7229800629590766
2014-11-03,10.206,56.15561,BUSGADEHUSET,1.9380261248185775
2014-11-03,10.20818,56.15441,SALLING,0.2853369272237196
2014-11-03,10.21149,56.14952,KALKVAERKSVEJ,0.15013477088948782
2014-11-03,10.21284,56.16184,NORREPORT,0.42989840348330915
2014-11-03,10.21353,56.15659,SKOLEBAKKEN,1.0
2014-11-04,10.197,56.1527,SCANDCENTER,0.36054838709677417
2014-11-04,10.2049,56.15679,MAGASIN,0.2025
2014-11-04,10.20596,56.14951,BRUUNS,0.6333263378803777
2014-11-04,10.206,56.15561,BUSGADEHUSET,1.4083076923076925
2014-11-04,10.20818,56.15441,SALLING,0.20959999999999998
2014-11-04,10.21149,56.14952,KALKVAERKSVEJ,0.15466666666666662
2014-11-04,10.21284,56.16184,NORREPORT,0.5766153846153846
2014-11-04,10.21353,56.15659,SKOLEBAKKEN,1.0
